Insert into adquirente (ID,NOME,LOGO,ID_ORDEM,EMAIL,FG_ARQUIVO,FG_EMAIL,FG_SITE_OPERADORA,FG_INFRA_NEXX,LAYOUT,FG_ATIVO) values (10,'Rede','assets/img/adquirentes/rede.jpg',480,'implantacao@nexxera.com',0,0,0,0,'Rede EEVD 1.04; EEVC 2.01; EEFI 3.01',1);
Insert into adquirente (ID,NOME,LOGO,ID_ORDEM,EMAIL,FG_ARQUIVO,FG_EMAIL,FG_SITE_OPERADORA,FG_INFRA_NEXX,LAYOUT,FG_ATIVO) values (30,'Amex','assets/img/adquirentes/amex.png',60,'suportetecnico.amex@verifone.com;implantacao@nexxera.com;',0,0,0,0,'EPA V3.0',0);
Insert into adquirente (ID,NOME,LOGO,ID_ORDEM,EMAIL,FG_ARQUIVO,FG_EMAIL,FG_SITE_OPERADORA,FG_INFRA_NEXX,LAYOUT,FG_ATIVO) values (60,'Cielo','assets/img/adquirentes/cielo.png',190,'edi@cielo.com.br;implantacao@nexxera.com;',0,0,0,0,'Cielo v13',0);
Insert into adquirente (ID,NOME,LOGO,ID_ORDEM,EMAIL,FG_ARQUIVO,FG_EMAIL,FG_SITE_OPERADORA,FG_INFRA_NEXX,LAYOUT,FG_ATIVO) values (90,'Elavon','assets/img/adquirentes/elavon.jpg',310,'integracoes@stone.com.br;csi@stone.com.br;implantacao@nexxera.com;',0,0,0,0,'Elavon v1.9',0);
Insert into adquirente (ID,NOME,LOGO,ID_ORDEM,EMAIL,FG_ARQUIVO,FG_EMAIL,FG_SITE_OPERADORA,FG_INFRA_NEXX,LAYOUT,FG_ATIVO) values (100,'Getnet','assets/img/adquirentes/getnet.jpg',360,'gtrtef@getnet.com.br;implantacao@nexxera.com;',0,0,0,0,'GetNet v8',0);
Insert into adquirente (ID,NOME,LOGO,ID_ORDEM,EMAIL,FG_ARQUIVO,FG_EMAIL,FG_SITE_OPERADORA,FG_INFRA_NEXX,LAYOUT,FG_ATIVO) values (110,'Ticket','assets/img/adquirentes/ticket.png',590,'implantacao@nexxera.com',0,0,0,0,'CEADM100',0);
Insert into adquirente (ID,NOME,LOGO,ID_ORDEM,EMAIL,FG_ARQUIVO,FG_EMAIL,FG_SITE_OPERADORA,FG_INFRA_NEXX,LAYOUT,FG_ATIVO) values (120,'Goodcard','assets/img/adquirentes/goodcard.png',380,null,0,0,1,0,'Software Express V1.9',1);
Insert into adquirente (ID,NOME,LOGO,ID_ORDEM,EMAIL,FG_ARQUIVO,FG_EMAIL,FG_SITE_OPERADORA,FG_INFRA_NEXX,LAYOUT,FG_ATIVO) values (130,'Planvale','assets/img/adquirentes/planvale.png',620,'ti@upbrasil.com;implantacao@nexxera.com;',0,0,0,0,'Software Express V1.6a',1);
Insert into adquirente (ID,NOME,LOGO,ID_ORDEM,EMAIL,FG_ARQUIVO,FG_EMAIL,FG_SITE_OPERADORA,FG_INFRA_NEXX,LAYOUT,FG_ATIVO) values (140,'Sodexo','assets/img/adquirentes/sodexo.png',560,'reembolso.estabelecimentos@sodexo.com;implantacao@nexxera.com;',0,0,0,0,'Sodexo v03',0);
Insert into adquirente (ID,NOME,LOGO,ID_ORDEM,EMAIL,FG_ARQUIVO,FG_EMAIL,FG_SITE_OPERADORA,FG_INFRA_NEXX,LAYOUT,FG_ATIVO) values (150,'Greencard','assets/img/adquirentes/greencard.png',390,'cadastro@grupogreencard.com.br;luciana.silveira@grupogreencard.com.br;aline.goncalves@grupogreencard.com.br;implantacao@nexxera.com;',0,0,0,0,'Software Express V1.6b',0);
Insert into adquirente (ID,NOME,LOGO,ID_ORDEM,EMAIL,FG_ARQUIVO,FG_EMAIL,FG_SITE_OPERADORA,FG_INFRA_NEXX,LAYOUT,FG_ATIVO) values (160,'Global Payments','assets/img/adquirentes/global-payments.png',370,'cadastro@globalpagamentos.com.br;backoffice@globalpagamentos.com.br;cinthia.almeida@globalpay.com;implantacao@nexxera.com;',0,0,0,0,'GlobalPayments V1.7f',0);
Insert into adquirente (ID,NOME,LOGO,ID_ORDEM,EMAIL,FG_ARQUIVO,FG_EMAIL,FG_SITE_OPERADORA,FG_INFRA_NEXX,LAYOUT,FG_ATIVO) values (170,'Credsystem','assets/img/adquirentes/credsystem.png',270,'rubens.gomes@credsystem.com.br;nathaly.neves@credsystem.com.br;luana.leal@credsystem.com.br; implantacao@nexxera.com;',0,0,0,0,'Software Express V1.6b',0);
Insert into adquirente (ID,NOME,LOGO,ID_ORDEM,EMAIL,FG_ARQUIVO,FG_EMAIL,FG_SITE_OPERADORA,FG_INFRA_NEXX,LAYOUT,FG_ATIVO) values (180,'Cabal','assets/img/adquirentes/cabal.jpg',170,'redecabal@cabal.com.br;implantacao@nexxera.com;',0,0,0,0,'Software Express V1.6a',1);
Insert into adquirente (ID,NOME,LOGO,ID_ORDEM,EMAIL,FG_ARQUIVO,FG_EMAIL,FG_SITE_OPERADORA,FG_INFRA_NEXX,LAYOUT,FG_ATIVO) values (190,'DMCard','assets/img/adquirentes/dmcard.jpg',290,'suporte@dmcard.com.br;implantacao@nexxera.com;',0,0,0,0,'Software Express V1.7d',1);
Insert into adquirente (ID,NOME,LOGO,ID_ORDEM,EMAIL,FG_ARQUIVO,FG_EMAIL,FG_SITE_OPERADORA,FG_INFRA_NEXX,LAYOUT,FG_ATIVO) values (200,'Verocheque','assets/img/adquirentes/verocheque.jpg',690,'jose.francisco@verocheque.com.br;rildo@verocheque.com.br;implantacao@nexxera.com;',0,0,0,0,'Software Express V1.6c',1);
Insert into adquirente (ID,NOME,LOGO,ID_ORDEM,EMAIL,FG_ARQUIVO,FG_EMAIL,FG_SITE_OPERADORA,FG_INFRA_NEXX,LAYOUT,FG_ATIVO) values (210,'VR','assets/img/adquirentes/vr.png',700,'conciliacao@vr.com.br;implantacao@nexxera.com;',0,0,0,0,'Software Express V1.7d',1);
Insert into adquirente (ID,NOME,LOGO,ID_ORDEM,EMAIL,FG_ARQUIVO,FG_EMAIL,FG_SITE_OPERADORA,FG_INFRA_NEXX,LAYOUT,FG_ATIVO) values (220,'Policard','assets/img/adquirentes/policard.png',470,'conciliacao@upbrasil.com;implantacao@nexxera.com;',0,0,0,0,'Software Express v1.6b',1);
Insert into adquirente (ID,NOME,LOGO,ID_ORDEM,EMAIL,FG_ARQUIVO,FG_EMAIL,FG_SITE_OPERADORA,FG_INFRA_NEXX,LAYOUT,FG_ATIVO) values (230,'Valecard','assets/img/adquirentes/valecard.png',640,'apoiorede@valecard.com.br;implantacao@nexxera.com;',0,0,0,0,'Software Express V1.6c',1);
Insert into adquirente (ID,NOME,LOGO,ID_ORDEM,EMAIL,FG_ARQUIVO,FG_EMAIL,FG_SITE_OPERADORA,FG_INFRA_NEXX,LAYOUT,FG_ATIVO) values (240,'Sorocred','assets/img/adquirentes/sorocred.png',570,'conciliacao@alphamoney.com.br;implantacao@nexxera.com;',0,0,0,0,'Modelo E',0);
Insert into adquirente (ID,NOME,LOGO,ID_ORDEM,EMAIL,FG_ARQUIVO,FG_EMAIL,FG_SITE_OPERADORA,FG_INFRA_NEXX,LAYOUT,FG_ATIVO) values (250,'Libercard','assets/img/adquirentes/libercard.png',400,null,0,0,0,0,'Software Express V1.7d',0);
Insert into adquirente (ID,NOME,LOGO,ID_ORDEM,EMAIL,FG_ARQUIVO,FG_EMAIL,FG_SITE_OPERADORA,FG_INFRA_NEXX,LAYOUT,FG_ATIVO) values (260,'FanCard','assets/img/adquirentes/fancard.jpg',340,null,0,0,0,0,'Auttar v200',0);
Insert into adquirente (ID,NOME,LOGO,ID_ORDEM,EMAIL,FG_ARQUIVO,FG_EMAIL,FG_SITE_OPERADORA,FG_INFRA_NEXX,LAYOUT,FG_ATIVO) values (270,'Vegascard','assets/img/adquirentes/vegascard.jpg',670,null,0,0,0,0,'Software Express V1.7c',1);
Insert into adquirente (ID,NOME,LOGO,ID_ORDEM,EMAIL,FG_ARQUIVO,FG_EMAIL,FG_SITE_OPERADORA,FG_INFRA_NEXX,LAYOUT,FG_ATIVO) values (280,'Convcard','assets/img/adquirentes/convcard.jpg',220,'suporte@convcard.com.br;implantacao@nexxera.com;',0,0,0,0,'Software Express V1.7d',1);
Insert into adquirente (ID,NOME,LOGO,ID_ORDEM,EMAIL,FG_ARQUIVO,FG_EMAIL,FG_SITE_OPERADORA,FG_INFRA_NEXX,LAYOUT,FG_ATIVO) values (290,'Personalcard','assets/img/adquirentes/personal-card.png',450,null,0,0,0,0,'Software Express V1.6b',0);
Insert into adquirente (ID,NOME,LOGO,ID_ORDEM,EMAIL,FG_ARQUIVO,FG_EMAIL,FG_SITE_OPERADORA,FG_INFRA_NEXX,LAYOUT,FG_ATIVO) values (330,'Senff','assets/img/adquirentes/senff.png',520,null,0,0,0,0,'Software Express V1.6b',0);
Insert into adquirente (ID,NOME,LOGO,ID_ORDEM,EMAIL,FG_ARQUIVO,FG_EMAIL,FG_SITE_OPERADORA,FG_INFRA_NEXX,LAYOUT,FG_ATIVO) values (380,'Bin','assets/img/adquirentes/bin.jpg',120,'atendimento_EspecialST@firstdatacorp.com.br;implantacao@nexxera.com;',0,0,0,0,'Software Express V1.7d',0);
Insert into adquirente (ID,NOME,LOGO,ID_ORDEM,EMAIL,FG_ARQUIVO,FG_EMAIL,FG_SITE_OPERADORA,FG_INFRA_NEXX,LAYOUT,FG_ATIVO) values (390,'Stone','assets/img/adquirentes/stone.png',580,'integracoes@stone.com.br;implantacao@nexxera.com;',0,0,0,0,'Stone v2.0',0);
Insert into adquirente (ID,NOME,LOGO,ID_ORDEM,EMAIL,FG_ARQUIVO,FG_EMAIL,FG_SITE_OPERADORA,FG_INFRA_NEXX,LAYOUT,FG_ATIVO) values (400,'Fortbrasil','assets/img/adquirentes/fortbrasil.png',350,null,0,0,0,0,'Software Express V1.7c',1);
Insert into adquirente (ID,NOME,LOGO,ID_ORDEM,EMAIL,FG_ARQUIVO,FG_EMAIL,FG_SITE_OPERADORA,FG_INFRA_NEXX,LAYOUT,FG_ATIVO) values (410,'Calcard','assets/img/adquirentes/calcard.jpg',180,'expansao.comercial@calcard.com.br;implantacao@nexxera.com;',0,0,0,0,'ConcSitef 1.7c',0);
Insert into adquirente (ID,NOME,LOGO,ID_ORDEM,EMAIL,FG_ARQUIVO,FG_EMAIL,FG_SITE_OPERADORA,FG_INFRA_NEXX,LAYOUT,FG_ATIVO) values (430,'Adiq','assets/img/adquirentes/adiq.png',40,'glaucia.santana@adiq.com.br;atendimento@adiq.com.br;',0,0,0,0,'Software Express V1.7e',0);
Insert into adquirente (ID,NOME,LOGO,ID_ORDEM,EMAIL,FG_ARQUIVO,FG_EMAIL,FG_SITE_OPERADORA,FG_INFRA_NEXX,LAYOUT,FG_ATIVO) values (440,'Tricard','assets/img/adquirentes/tricard.png',600,'implantacao@nexxera.com',0,0,0,0,'Software Express V1.7a',0);
Insert into adquirente (ID,NOME,LOGO,ID_ORDEM,EMAIL,FG_ARQUIVO,FG_EMAIL,FG_SITE_OPERADORA,FG_INFRA_NEXX,LAYOUT,FG_ATIVO) values (450,'Safrapay','assets/img/adquirentes/safrapay.png',510,'atendimento.van@safra.com.br;implantacao@nexxera.com;',0,0,0,0,'Software Express V1.7d',0);
Insert into adquirente (ID,NOME,LOGO,ID_ORDEM,EMAIL,FG_ARQUIVO,FG_EMAIL,FG_SITE_OPERADORA,FG_INFRA_NEXX,LAYOUT,FG_ATIVO) values (460,'Valemais','assets/img/adquirentes/valemais.png',650,null,0,0,0,0,'Software Express V1.7d',0);
Insert into adquirente (ID,NOME,LOGO,ID_ORDEM,EMAIL,FG_ARQUIVO,FG_EMAIL,FG_SITE_OPERADORA,FG_INFRA_NEXX,LAYOUT,FG_ATIVO) values (480,'Refeisul','assets/img/adquirentes/refeisul.png',490,null,0,0,0,0,'Software Express V1.6a',0);
Insert into adquirente (ID,NOME,LOGO,ID_ORDEM,EMAIL,FG_ARQUIVO,FG_EMAIL,FG_SITE_OPERADORA,FG_INFRA_NEXX,LAYOUT,FG_ATIVO) values (490,'Sincard','assets/img/adquirentes/sincard.png',530,null,0,0,0,0,'Software Express V1.7d',0);
Insert into adquirente (ID,NOME,LOGO,ID_ORDEM,EMAIL,FG_ARQUIVO,FG_EMAIL,FG_SITE_OPERADORA,FG_INFRA_NEXX,LAYOUT,FG_ATIVO) values (500,'Verdecard','assets/img/adquirentes/verdecard.png',680,null,0,0,0,0,'Software Express V1.6c',0);
Insert into adquirente (ID,NOME,LOGO,ID_ORDEM,EMAIL,FG_ARQUIVO,FG_EMAIL,FG_SITE_OPERADORA,FG_INFRA_NEXX,LAYOUT,FG_ATIVO) values (510,'Abrapetite','assets/img/adquirentes/abrapetite.jpg',20,null,0,0,0,0,'Software Express V1.6a',1);
Insert into adquirente (ID,NOME,LOGO,ID_ORDEM,EMAIL,FG_ARQUIVO,FG_EMAIL,FG_SITE_OPERADORA,FG_INFRA_NEXX,LAYOUT,FG_ATIVO) values (520,'Valeshop','assets/img/adquirentes/valeshop.png',660,null,0,0,0,0,'Software Express V1.6b',1);
Insert into adquirente (ID,NOME,LOGO,ID_ORDEM,EMAIL,FG_ARQUIVO,FG_EMAIL,FG_SITE_OPERADORA,FG_INFRA_NEXX,LAYOUT,FG_ATIVO) values (530,'Brasilcard','assets/img/adquirentes/brasilcard.png',160,null,0,0,0,0,'Software Express V1.6c',0);
Insert into adquirente (ID,NOME,LOGO,ID_ORDEM,EMAIL,FG_ARQUIVO,FG_EMAIL,FG_SITE_OPERADORA,FG_INFRA_NEXX,LAYOUT,FG_ATIVO) values (540,'Ecxcard','assets/img/adquirentes/ecxcard.jpg',300,null,0,0,0,0,'Software Express V1.6c',0);
Insert into adquirente (ID,NOME,LOGO,ID_ORDEM,EMAIL,FG_ARQUIVO,FG_EMAIL,FG_SITE_OPERADORA,FG_INFRA_NEXX,LAYOUT,FG_ATIVO) values (550,'Coopercard','assets/img/adquirentes/coopercard.jpg',240,null,0,0,0,0,'Software Express V1.6c',0);
Insert into adquirente (ID,NOME,LOGO,ID_ORDEM,EMAIL,FG_ARQUIVO,FG_EMAIL,FG_SITE_OPERADORA,FG_INFRA_NEXX,LAYOUT,FG_ATIVO) values (560,'MaxxCard','assets/img/adquirentes/maxxcard.png',410,null,0,0,0,0,'Software Express V1.7d',0);
Insert into adquirente (ID,NOME,LOGO,ID_ORDEM,EMAIL,FG_ARQUIVO,FG_EMAIL,FG_SITE_OPERADORA,FG_INFRA_NEXX,LAYOUT,FG_ATIVO) values (570,'Banestes','assets/img/adquirentes/banestes.jpg',80,null,0,0,0,0,'Software Express V1.6d',0);
Insert into adquirente (ID,NOME,LOGO,ID_ORDEM,EMAIL,FG_ARQUIVO,FG_EMAIL,FG_SITE_OPERADORA,FG_INFRA_NEXX,LAYOUT,FG_ATIVO) values (580,'Dacasa','assets/img/adquirentes/dacasa.jpg',280,null,0,0,0,0,'Software Express V1.6c',0);
Insert into adquirente (ID,NOME,LOGO,ID_ORDEM,EMAIL,FG_ARQUIVO,FG_EMAIL,FG_SITE_OPERADORA,FG_INFRA_NEXX,LAYOUT,FG_ATIVO) values (590,'Comprocard','assets/img/adquirentes/comprocard.jpg',210,null,0,0,0,0,'Software Express V1.7d',0);
Insert into adquirente (ID,NOME,LOGO,ID_ORDEM,EMAIL,FG_ARQUIVO,FG_EMAIL,FG_SITE_OPERADORA,FG_INFRA_NEXX,LAYOUT,FG_ATIVO) values (600,'Nutricash','assets/img/adquirentes/nutricash.png',430,null,0,0,0,0,'Software Express V1.7d',0);
Insert into adquirente (ID,NOME,LOGO,ID_ORDEM,EMAIL,FG_ARQUIVO,FG_EMAIL,FG_SITE_OPERADORA,FG_INFRA_NEXX,LAYOUT,FG_ATIVO) values (610,'Algorix','assets/img/adquirentes/algorix.gif',50,null,0,0,0,0,'Software Express V1.7d',0);
Insert into adquirente (ID,NOME,LOGO,ID_ORDEM,EMAIL,FG_ARQUIVO,FG_EMAIL,FG_SITE_OPERADORA,FG_INFRA_NEXX,LAYOUT,FG_ATIVO) values (620,'Bigcard','assets/img/adquirentes/bigcard.png',110,null,0,0,0,0,'Software Express V1.7d',1);
Insert into adquirente (ID,NOME,LOGO,ID_ORDEM,EMAIL,FG_ARQUIVO,FG_EMAIL,FG_SITE_OPERADORA,FG_INFRA_NEXX,LAYOUT,FG_ATIVO) values (630,'Credicesta','assets/img/adquirentes/credcesta.jpg',250,null,0,0,0,0,'Software Express V1.6d',0);
Insert into adquirente (ID,NOME,LOGO,ID_ORDEM,EMAIL,FG_ARQUIVO,FG_EMAIL,FG_SITE_OPERADORA,FG_INFRA_NEXX,LAYOUT,FG_ATIVO) values (640,'Bradescard','assets/img/adquirentes/bradescard.jpg',140,null,0,0,0,0,'Software Express V1.6c',0);
Insert into adquirente (ID,NOME,LOGO,ID_ORDEM,EMAIL,FG_ARQUIVO,FG_EMAIL,FG_SITE_OPERADORA,FG_INFRA_NEXX,LAYOUT,FG_ATIVO) values (650,'Club+','assets/img/adquirentes/cartaoclub.png',200,null,0,0,0,0,'Software Express V1.6c',0);
Insert into adquirente (ID,NOME,LOGO,ID_ORDEM,EMAIL,FG_ARQUIVO,FG_EMAIL,FG_SITE_OPERADORA,FG_INFRA_NEXX,LAYOUT,FG_ATIVO) values (660,'Sipag','assets/img/adquirentes/sipag.png',550,null,0,0,0,0,'Manual EDI 6X3 Sipag',0);
Insert into adquirente (ID,NOME,LOGO,ID_ORDEM,EMAIL,FG_ARQUIVO,FG_EMAIL,FG_SITE_OPERADORA,FG_INFRA_NEXX,LAYOUT,FG_ATIVO) values (670,'BIQ','assets/img/adquirentes/biq-beneficios.jpg',130,null,0,0,0,0,'Software Express V1.6b',1);
Insert into adquirente (ID,NOME,LOGO,ID_ORDEM,EMAIL,FG_ARQUIVO,FG_EMAIL,FG_SITE_OPERADORA,FG_INFRA_NEXX,LAYOUT,FG_ATIVO) values (680,'PagSeguro','assets/img/adquirentes/pagseguro.png',440,null,0,0,0,0,'EDI V1.05',0);
Insert into adquirente (ID,NOME,LOGO,ID_ORDEM,EMAIL,FG_ARQUIVO,FG_EMAIL,FG_SITE_OPERADORA,FG_INFRA_NEXX,LAYOUT,FG_ATIVO) values (690,'Convênios Card','assets/img/adquirentes/convenioscard.png',230,null,0,0,0,0,'Software Express V1.8a',0);
Insert into adquirente (ID,NOME,LOGO,ID_ORDEM,EMAIL,FG_ARQUIVO,FG_EMAIL,FG_SITE_OPERADORA,FG_INFRA_NEXX,LAYOUT,FG_ATIVO) values (710,'Mvcard','assets/img/adquirentes/mvcard.png',420,null,0,0,0,0,'Software Express V1.8a V1.1',0);
Insert into adquirente (ID,NOME,LOGO,ID_ORDEM,EMAIL,FG_ARQUIVO,FG_EMAIL,FG_SITE_OPERADORA,FG_INFRA_NEXX,LAYOUT,FG_ATIVO) values (720,'Tripag','assets/img/adquirentes/tripag.png',610,null,0,0,0,0,'Tripag 001.7e',0);
Insert into adquirente (ID,NOME,LOGO,ID_ORDEM,EMAIL,FG_ARQUIVO,FG_EMAIL,FG_SITE_OPERADORA,FG_INFRA_NEXX,LAYOUT,FG_ATIVO) values (730,'Banese','assets/img/adquirentes/banese.jpg',70,null,0,0,0,0,'Software Express v1.7d',0);
Insert into adquirente (ID,NOME,LOGO,ID_ORDEM,EMAIL,FG_ARQUIVO,FG_EMAIL,FG_SITE_OPERADORA,FG_INFRA_NEXX,LAYOUT,FG_ATIVO) values (740,'Usecred','assets/img/adquirentes/usecred.gif',630,null,0,0,0,0,'Software Express V1.6c',0);
Insert into adquirente (ID,NOME,LOGO,ID_ORDEM,EMAIL,FG_ARQUIVO,FG_EMAIL,FG_SITE_OPERADORA,FG_INFRA_NEXX,LAYOUT,FG_ATIVO) values (750,'Brasil Convênios','assets/img/adquirentes/brasilconvenios.png',150,null,0,0,0,0,'Software Express V1.7d',0);
Insert into adquirente (ID,NOME,LOGO,ID_ORDEM,EMAIL,FG_ARQUIVO,FG_EMAIL,FG_SITE_OPERADORA,FG_INFRA_NEXX,LAYOUT,FG_ATIVO) values (760,'Familly Card','assets/img/adquirentes/familycard.png',330,null,0,0,0,0,'Software Express V1.6c',0);
Insert into adquirente (ID,NOME,LOGO,ID_ORDEM,EMAIL,FG_ARQUIVO,FG_EMAIL,FG_SITE_OPERADORA,FG_INFRA_NEXX,LAYOUT,FG_ATIVO) values (770,'Banestik','assets/img/adquirentes/banestik.jpg',90,null,0,0,0,0,'Software Express V1.6',0);
Insert into adquirente (ID,NOME,LOGO,ID_ORDEM,EMAIL,FG_ARQUIVO,FG_EMAIL,FG_SITE_OPERADORA,FG_INFRA_NEXX,LAYOUT,FG_ATIVO) values (780,'Credshop','assets/img/adquirentes/credishop.jpg',260,null,0,0,0,0,'Software Express V1.7d',0);
Insert into adquirente (ID,NOME,LOGO,ID_ORDEM,EMAIL,FG_ARQUIVO,FG_EMAIL,FG_SITE_OPERADORA,FG_INFRA_NEXX,LAYOUT,FG_ATIVO) values (790,'Romcard','assets/img/adquirentes/romcard.png',500,null,0,0,0,0,'Softnex V1.07',0);
Insert into adquirente (ID,NOME,LOGO,ID_ORDEM,EMAIL,FG_ARQUIVO,FG_EMAIL,FG_SITE_OPERADORA,FG_INFRA_NEXX,LAYOUT,FG_ATIVO) values (800,'Sindplus','assets/img/adquirentes/sindplus.png',540,null,0,0,0,0,'Software Express V1.7d',0);
Insert into adquirente (ID,NOME,LOGO,ID_ORDEM,EMAIL,FG_ARQUIVO,FG_EMAIL,FG_SITE_OPERADORA,FG_INFRA_NEXX,LAYOUT,FG_ATIVO) values (810,'Eucard','assets/img/adquirentes/eucard.png',320,null,0,0,0,0,'Software Express V1.6b',0);
Insert into adquirente (ID,NOME,LOGO,ID_ORDEM,EMAIL,FG_ARQUIVO,FG_EMAIL,FG_SITE_OPERADORA,FG_INFRA_NEXX,LAYOUT,FG_ATIVO) values (820,'Addmeal','assets/img/adquirentes/addmeal.jpg',30,null,0,0,0,0,'Softnex V1.10',0);
Insert into adquirente (ID,NOME,LOGO,ID_ORDEM,EMAIL,FG_ARQUIVO,FG_EMAIL,FG_SITE_OPERADORA,FG_INFRA_NEXX,LAYOUT,FG_ATIVO) values (830,'008 Cards','assets/img/adquirentes/008.jpg',10,null,0,0,0,0,'Software Express V1.8a V1.1',0);
Insert into adquirente (ID,NOME,LOGO,ID_ORDEM,EMAIL,FG_ARQUIVO,FG_EMAIL,FG_SITE_OPERADORA,FG_INFRA_NEXX,LAYOUT,FG_ATIVO) values (840,'Ben Visa Vale','assets/img/adquirentes/ben.jpg',100,null,0,0,0,0,'Software Express V1.7c',0);
Insert into adquirente (ID,NOME,LOGO,ID_ORDEM,EMAIL,FG_ARQUIVO,FG_EMAIL,FG_SITE_OPERADORA,FG_INFRA_NEXX,LAYOUT,FG_ATIVO) values (850,'Plantão Card','assets/img/adquirentes/plantaocard.png',460,null,0,0,0,0,'Software Express V1.8a',0);


insert into FRANQUIA (id, qtde_transacao, valor_fixo, valor_adicional, fg_ativo) values (FRANQUIA_SQ.nextval, 500, 109.2, 0.0266, 1);
insert into FRANQUIA (id, qtde_transacao, valor_fixo, valor_adicional, fg_ativo) values (FRANQUIA_SQ.nextval, 1000, 158.2, 0.0266, 1);
insert into FRANQUIA (id, qtde_transacao, valor_fixo, valor_adicional, fg_ativo) values (FRANQUIA_SQ.nextval, 1500, 207.20, 0.0266, 1);
insert into FRANQUIA (id, qtde_transacao, valor_fixo, valor_adicional, fg_ativo) values (FRANQUIA_SQ.nextval, 2000, 256.2, 0.0252, 1);
insert into FRANQUIA (id, qtde_transacao, valor_fixo, valor_adicional, fg_ativo) values (FRANQUIA_SQ.nextval, 2500, 305.2, 0.0252, 1);
insert into FRANQUIA (id, qtde_transacao, valor_fixo, valor_adicional, fg_ativo) values (FRANQUIA_SQ.nextval, 3000, 354.20, 0.0252, 1);
insert into FRANQUIA (id, qtde_transacao, valor_fixo, valor_adicional, fg_ativo) values (FRANQUIA_SQ.nextval, 4000, 452.2, 0.0252, 1);
insert into FRANQUIA (id, qtde_transacao, valor_fixo, valor_adicional, fg_ativo) values (FRANQUIA_SQ.nextval, 5000, 550.2, 0.0238, 1);
insert into FRANQUIA (id, qtde_transacao, valor_fixo, valor_adicional, fg_ativo) values (FRANQUIA_SQ.nextval, 6000, 648.2, 0.0238, 1);
insert into FRANQUIA (id, qtde_transacao, valor_fixo, valor_adicional, fg_ativo) values (FRANQUIA_SQ.nextval, 7000, 746.2, 0.0238, 1);
insert into FRANQUIA (id, qtde_transacao, valor_fixo, valor_adicional, fg_ativo) values (FRANQUIA_SQ.nextval, 8000, 884.20, 0.0238, 1);
insert into FRANQUIA (id, qtde_transacao, valor_fixo, valor_adicional, fg_ativo) values (FRANQUIA_SQ.nextval, 9000, 942.20, 0.0238, 1);
insert into FRANQUIA (id, qtde_transacao, valor_fixo, valor_adicional, fg_ativo) values (FRANQUIA_SQ.nextval, 10000, 1040.20, 0.0224, 1);


--modelo rede
set define off;
INSERT INTO MASCARA (ID, ID_CAIXA_POSTAL, ID_ESTACAO, MASK_BANCO_ENTRADA, MASK_BANCO_SAIDA, MASK_ENVIO_EMAIL, NU_TIMEOUT, HORAS_INICIAIS, HORAS_FINAIS, SCRIPT_RECEPCAO_BANCO, RESET_CONT_DIARIO_RVS_CLIENTE, HERDAR_CONT_DIARIO_RVS_CLIENTE, CONTADOR_DIARIO_RVS_CLIENTE, VERIFICAR_DUPLICIDADE_RVS_BFC1, RESET_CONT_DIARIO_CLIENTE_RVS, HERDAR_CONT_DIARIO_CLIENTE_RVS, CONTADOR_DIARIO_CLIENTE_RVS, ADQUIRENTE_ID, opcoes_envio_arquivo) VALUES (mascara_sq.nextval, 0, 1, 'RET.VC.@CNPJ', 'EXT_@ADQUIRENTE_%d%m%y&C(2).txt', 'RET.VC.@CNPJ.@IDCXPOSTAL', 0, '00:00:00', '00:00:00', '/home/skyline/scripts/nexxcard/console/processos/operadoras_CartoesGenerico.sh &F vizzoo -c @CNPJ', 1, 0, -1, 0, 1, 1, -1, 10, 0);
INSERT INTO MASCARA (ID, ID_CAIXA_POSTAL, ID_ESTACAO, MASK_BANCO_ENTRADA, MASK_BANCO_SAIDA, MASK_ENVIO_EMAIL, NU_TIMEOUT, HORAS_INICIAIS, HORAS_FINAIS, SCRIPT_RECEPCAO_BANCO, RESET_CONT_DIARIO_RVS_CLIENTE, HERDAR_CONT_DIARIO_RVS_CLIENTE, CONTADOR_DIARIO_RVS_CLIENTE, VERIFICAR_DUPLICIDADE_RVS_BFC1, RESET_CONT_DIARIO_CLIENTE_RVS, HERDAR_CONT_DIARIO_CLIENTE_RVS, CONTADOR_DIARIO_CLIENTE_RVS, ADQUIRENTE_ID, opcoes_envio_arquivo) VALUES (mascara_sq.nextval, 0, 1, 'RET.VD.@CNPJ', 'EXT_@ADQUIRENTE_%d%m%y&C(2).txt', 'RET.VD.@CNPJ.@IDCXPOSTAL', 0, '00:00:00', '00:00:00', '/home/skyline/scripts/nexxcard/console/processos/operadoras_CartoesGenerico.sh &F vizzoo -c @CNPJ', 1, 0, -1, 0, 1, 1, -1, 10, 0);
INSERT INTO MASCARA (ID, ID_CAIXA_POSTAL, ID_ESTACAO, MASK_BANCO_ENTRADA, MASK_BANCO_SAIDA, MASK_ENVIO_EMAIL, NU_TIMEOUT, HORAS_INICIAIS, HORAS_FINAIS, SCRIPT_RECEPCAO_BANCO, RESET_CONT_DIARIO_RVS_CLIENTE, HERDAR_CONT_DIARIO_RVS_CLIENTE, CONTADOR_DIARIO_RVS_CLIENTE, VERIFICAR_DUPLICIDADE_RVS_BFC1, RESET_CONT_DIARIO_CLIENTE_RVS, HERDAR_CONT_DIARIO_CLIENTE_RVS, CONTADOR_DIARIO_CLIENTE_RVS, ADQUIRENTE_ID, opcoes_envio_arquivo) VALUES (mascara_sq.nextval, 0, 1, 'RET.FI.@CNPJ', 'EXT_@ADQUIRENTE_%d%m%y&C(2).txt', 'RET.FI.@CNPJ.@IDCXPOSTAL', 0, '00:00:00', '00:00:00', '/home/skyline/scripts/nexxcard/console/processos/operadoras_CartoesGenerico.sh &F vizzoo -c @CNPJ', 1, 0, -1, 0, 1, 1, -1, 10, 0);
--Goodcard
INSERT INTO MASCARA (ID, ID_CAIXA_POSTAL, ID_ESTACAO, MASK_BANCO_ENTRADA, MASK_BANCO_SAIDA, MASK_ENVIO_EMAIL, NU_TIMEOUT, HORAS_INICIAIS, HORAS_FINAIS, SCRIPT_RECEPCAO_BANCO, RESET_CONT_DIARIO_RVS_CLIENTE, HERDAR_CONT_DIARIO_RVS_CLIENTE, CONTADOR_DIARIO_RVS_CLIENTE, VERIFICAR_DUPLICIDADE_RVS_BFC1, RESET_CONT_DIARIO_CLIENTE_RVS, HERDAR_CONT_DIARIO_CLIENTE_RVS, CONTADOR_DIARIO_CLIENTE_RVS, ADQUIRENTE_ID, opcoes_envio_arquivo) VALUES (mascara_sq.nextval, 0,     1, '@CNPJ_%Y%m%d.txt', 'EXT_@ADQUIRENTE_%d%m%y&C(2).txt', null, 0, '00:00:00', '00:00:00', '/home/skyline/scripts/nexxcard/console/processos/operadoras_CartoesGenerico.sh &F vizzoo -c @CNPJ', 1, 0, -1, 0, 1, 1, -1, 120, 0);
INSERT INTO MASCARA (ID, ID_CAIXA_POSTAL, ID_ESTACAO, MASK_BANCO_ENTRADA, MASK_BANCO_SAIDA, MASK_ENVIO_EMAIL, NU_TIMEOUT, HORAS_INICIAIS, HORAS_FINAIS, SCRIPT_RECEPCAO_BANCO, RESET_CONT_DIARIO_RVS_CLIENTE, HERDAR_CONT_DIARIO_RVS_CLIENTE, CONTADOR_DIARIO_RVS_CLIENTE, VERIFICAR_DUPLICIDADE_RVS_BFC1, RESET_CONT_DIARIO_CLIENTE_RVS, HERDAR_CONT_DIARIO_CLIENTE_RVS, CONTADOR_DIARIO_CLIENTE_RVS, ADQUIRENTE_ID, opcoes_envio_arquivo) VALUES (mascara_sq.nextval, 20364, 1, '@CNPJ_%Y%m%d.txt', '@CNPJ_%Y%m%d.txt.@IDCXPOSTAL.T%d%m&C(4).EXT', '@CNPJ_%Y%m%d.txt', 0, '00:00:00', '00:00:00', '/home/skyline/scripts/inte_rvs/Grb -I /home/skyline/scripts/inte_rvs/grb.cfg &F', 1, 0, -1, 0, 1, 1, -1, 120, 0);
--FortBrasil
INSERT INTO MASCARA (ID, ID_CAIXA_POSTAL, ID_ESTACAO, MASK_BANCO_ENTRADA, MASK_BANCO_SAIDA, MASK_ENVIO_EMAIL, NU_TIMEOUT, HORAS_INICIAIS, HORAS_FINAIS, SCRIPT_RECEPCAO_BANCO, RESET_CONT_DIARIO_RVS_CLIENTE, HERDAR_CONT_DIARIO_RVS_CLIENTE, CONTADOR_DIARIO_RVS_CLIENTE, VERIFICAR_DUPLICIDADE_RVS_BFC1, RESET_CONT_DIARIO_CLIENTE_RVS, HERDAR_CONT_DIARIO_CLIENTE_RVS, CONTADOR_DIARIO_CLIENTE_RVS, ADQUIRENTE_ID, opcoes_envio_arquivo) VALUES (mascara_sq.nextval, 0,     1, '@CNPJ_%Y%m%d.txt', 'EXT_@ADQUIRENTE_%d%m%y&C(2).txt', null, 0, '00:00:00', '00:00:00', '/home/skyline/scripts/nexxcard/console/processos/operadoras_CartoesGenerico.sh &F vizzoo -c @CNPJ', 1, 0, -1, 0, 1, 1, -1, 400, 0);
INSERT INTO MASCARA (ID, ID_CAIXA_POSTAL, ID_ESTACAO, MASK_BANCO_ENTRADA, MASK_BANCO_SAIDA, MASK_ENVIO_EMAIL, NU_TIMEOUT, HORAS_INICIAIS, HORAS_FINAIS, SCRIPT_RECEPCAO_BANCO, RESET_CONT_DIARIO_RVS_CLIENTE, HERDAR_CONT_DIARIO_RVS_CLIENTE, CONTADOR_DIARIO_RVS_CLIENTE, VERIFICAR_DUPLICIDADE_RVS_BFC1, RESET_CONT_DIARIO_CLIENTE_RVS, HERDAR_CONT_DIARIO_CLIENTE_RVS, CONTADOR_DIARIO_CLIENTE_RVS, ADQUIRENTE_ID, opcoes_envio_arquivo) VALUES (mascara_sq.nextval, 26631, 1, '@CNPJ_%Y%m%d.txt', '@CNPJ_%Y%m%d.txt.@IDCXPOSTAL.T&C(8).FORT', '@CNPJ_%Y%m%d.txt', 0, '00:00:00', '00:00:00', '/home/skyline/scripts/inte_rvs/Grb -I /home/skyline/scripts/inte_rvs/grb.cfg &F', 1, 0, -1, 0, 1, 1, -1, 400, 0);
--Abrapetite
INSERT INTO MASCARA (ID, ID_CAIXA_POSTAL, ID_ESTACAO, MASK_BANCO_ENTRADA, MASK_BANCO_SAIDA, MASK_ENVIO_EMAIL, NU_TIMEOUT, HORAS_INICIAIS, HORAS_FINAIS, SCRIPT_RECEPCAO_BANCO, RESET_CONT_DIARIO_RVS_CLIENTE, HERDAR_CONT_DIARIO_RVS_CLIENTE, CONTADOR_DIARIO_RVS_CLIENTE, VERIFICAR_DUPLICIDADE_RVS_BFC1, RESET_CONT_DIARIO_CLIENTE_RVS, HERDAR_CONT_DIARIO_CLIENTE_RVS, CONTADOR_DIARIO_CLIENTE_RVS, ADQUIRENTE_ID, opcoes_envio_arquivo) VALUES (mascara_sq.nextval, 0,     1, 'RET.EXT.@CNPJ.REF', 'EXT_@ADQUIRENTE_%d%m%y&C(2).txt', null, 0, '00:00:00', '00:00:00', '/home/skyline/scripts/nexxcard/console/processos/operadoras_CartoesGenerico.sh &F vizzoo -c @CNPJ', 1, 0, -1, 0, 1, 1, -1, 510, 0);
INSERT INTO MASCARA (ID, ID_CAIXA_POSTAL, ID_ESTACAO, MASK_BANCO_ENTRADA, MASK_BANCO_SAIDA, MASK_ENVIO_EMAIL, NU_TIMEOUT, HORAS_INICIAIS, HORAS_FINAIS, SCRIPT_RECEPCAO_BANCO, RESET_CONT_DIARIO_RVS_CLIENTE, HERDAR_CONT_DIARIO_RVS_CLIENTE, CONTADOR_DIARIO_RVS_CLIENTE, VERIFICAR_DUPLICIDADE_RVS_BFC1, RESET_CONT_DIARIO_CLIENTE_RVS, HERDAR_CONT_DIARIO_CLIENTE_RVS, CONTADOR_DIARIO_CLIENTE_RVS, ADQUIRENTE_ID, opcoes_envio_arquivo) VALUES (mascara_sq.nextval, 26121, 1, '@CNPJ_%Y%m%d&C(6).txt', 'RET.EXT.@CNPJ.REF.@IDCXPOSTAL.T1&C(7).REF', '@CNPJ_%Y%m%d.txt', 0, '00:00:00', '00:00:00', '/home/skyline/scripts/inte_rvs/Grb -I /home/skyline/scripts/inte_rvs/grb.cfg &F', 1, 0, -1, 0, 1, 1, -1, 510, 0);
--Bigcard
INSERT INTO MASCARA (ID, ID_CAIXA_POSTAL, ID_ESTACAO, MASK_BANCO_ENTRADA, MASK_BANCO_SAIDA, MASK_ENVIO_EMAIL, NU_TIMEOUT, HORAS_INICIAIS, HORAS_FINAIS, SCRIPT_RECEPCAO_BANCO, RESET_CONT_DIARIO_RVS_CLIENTE, HERDAR_CONT_DIARIO_RVS_CLIENTE, CONTADOR_DIARIO_RVS_CLIENTE, VERIFICAR_DUPLICIDADE_RVS_BFC1, RESET_CONT_DIARIO_CLIENTE_RVS, HERDAR_CONT_DIARIO_CLIENTE_RVS, CONTADOR_DIARIO_CLIENTE_RVS, ADQUIRENTE_ID, opcoes_envio_arquivo) VALUES (mascara_sq.nextval, 0,     1, 'RET.EXT.@CNPJ.BCARD', 'EXT_@ADQUIRENTE_%d%m%y&C(2).txt', null, 0, '00:00:00', '00:00:00', '/home/skyline/scripts/nexxcard/console/processos/operadoras_CartoesGenerico.sh &F vizzoo -c @CNPJ', 1, 0, -1, 0, 1, 1, -1, 620, 0);
INSERT INTO MASCARA (ID, ID_CAIXA_POSTAL, ID_ESTACAO, MASK_BANCO_ENTRADA, MASK_BANCO_SAIDA, MASK_ENVIO_EMAIL, NU_TIMEOUT, HORAS_INICIAIS, HORAS_FINAIS, SCRIPT_RECEPCAO_BANCO, RESET_CONT_DIARIO_RVS_CLIENTE, HERDAR_CONT_DIARIO_RVS_CLIENTE, CONTADOR_DIARIO_RVS_CLIENTE, VERIFICAR_DUPLICIDADE_RVS_BFC1, RESET_CONT_DIARIO_CLIENTE_RVS, HERDAR_CONT_DIARIO_CLIENTE_RVS, CONTADOR_DIARIO_CLIENTE_RVS, ADQUIRENTE_ID, opcoes_envio_arquivo) VALUES (mascara_sq.nextval, 21757, 1, 'BIGCARD_@CNPJ_%Y%m%d_&C(6).txt', 'RET.EXT.@CNPJ.BCARD.@IDCXPOSTAL.T&C(8).BIG', 'BIGCARD_@CNPJ_%Y%m%d_&C(6).txt', 0, '00:00:00', '00:00:00', '/home/skyline/scripts/inte_rvs/Grb -I /home/skyline/scripts/inte_rvs/grb.cfg &F', 1, 0, -1, 0, 1, 1, -1, 620, 0);
--Biqcard
INSERT INTO MASCARA (ID, ID_CAIXA_POSTAL, ID_ESTACAO, MASK_BANCO_ENTRADA, MASK_BANCO_SAIDA, MASK_ENVIO_EMAIL, NU_TIMEOUT, HORAS_INICIAIS, HORAS_FINAIS, SCRIPT_RECEPCAO_BANCO, RESET_CONT_DIARIO_RVS_CLIENTE, HERDAR_CONT_DIARIO_RVS_CLIENTE, CONTADOR_DIARIO_RVS_CLIENTE, VERIFICAR_DUPLICIDADE_RVS_BFC1, RESET_CONT_DIARIO_CLIENTE_RVS, HERDAR_CONT_DIARIO_CLIENTE_RVS, CONTADOR_DIARIO_CLIENTE_RVS, ADQUIRENTE_ID, opcoes_envio_arquivo) VALUES (mascara_sq.nextval, 0,     1, 'biq_@CNPJ_%Y%m%d.txt', 'EXT_@ADQUIRENTE_%d%m%y&C(2).txt', null, 0, '00:00:00', '00:00:00', '/home/skyline/scripts/nexxcard/console/processos/operadoras_CartoesGenerico.sh &F vizzoo -c @CNPJ', 1, 0, -1, 0, 1, 1, -1, 670, 0);
INSERT INTO MASCARA (ID, ID_CAIXA_POSTAL, ID_ESTACAO, MASK_BANCO_ENTRADA, MASK_BANCO_SAIDA, MASK_ENVIO_EMAIL, NU_TIMEOUT, HORAS_INICIAIS, HORAS_FINAIS, SCRIPT_RECEPCAO_BANCO, RESET_CONT_DIARIO_RVS_CLIENTE, HERDAR_CONT_DIARIO_RVS_CLIENTE, CONTADOR_DIARIO_RVS_CLIENTE, VERIFICAR_DUPLICIDADE_RVS_BFC1, RESET_CONT_DIARIO_CLIENTE_RVS, HERDAR_CONT_DIARIO_CLIENTE_RVS, CONTADOR_DIARIO_CLIENTE_RVS, ADQUIRENTE_ID, opcoes_envio_arquivo) VALUES (mascara_sq.nextval, 27149, 1, 'BIQ_@CNPJ_%Y%m%d_&C(6).txt', 'biq_@CNPJ_%Y%m%d.txt.@IDCXPOSTAL.T&C(8).BIQ', 'BIGCARD_@CNPJ_%Y%m%d_&C(6).txt', 0, '00:00:00', '00:00:00', '/home/skyline/scripts/inte_rvs/Grb -I /home/skyline/scripts/inte_rvs/grb.cfg &F', 1, 0, -1, 0, 1, 1, -1, 670, 0);
--DMcard
INSERT INTO MASCARA (ID, ID_CAIXA_POSTAL, ID_ESTACAO, MASK_BANCO_ENTRADA, MASK_BANCO_SAIDA, MASK_ENVIO_EMAIL, NU_TIMEOUT, HORAS_INICIAIS, HORAS_FINAIS, SCRIPT_RECEPCAO_BANCO, RESET_CONT_DIARIO_RVS_CLIENTE, HERDAR_CONT_DIARIO_RVS_CLIENTE, CONTADOR_DIARIO_RVS_CLIENTE, VERIFICAR_DUPLICIDADE_RVS_BFC1, RESET_CONT_DIARIO_CLIENTE_RVS, HERDAR_CONT_DIARIO_CLIENTE_RVS, CONTADOR_DIARIO_CLIENTE_RVS, ADQUIRENTE_ID, opcoes_envio_arquivo) VALUES (mascara_sq.nextval, 0,     1, 'RET.EXT.@CNPJ.DMC', 'EXT_@ADQUIRENTE_%d%m%y&C(2).txt', null, 3600, '00:00:00', '00:00:00', '/home/skyline/scripts/nexxcard/console/processos/operadoras_CartoesGenerico.sh &F vizzoo -c @CNPJ', 1, 0, -1, 0, 1, 1, -1, 190, 0);
INSERT INTO MASCARA (ID, ID_CAIXA_POSTAL, ID_ESTACAO, MASK_BANCO_ENTRADA, MASK_BANCO_SAIDA, MASK_ENVIO_EMAIL, NU_TIMEOUT, HORAS_INICIAIS, HORAS_FINAIS, SCRIPT_RECEPCAO_BANCO, RESET_CONT_DIARIO_RVS_CLIENTE, HERDAR_CONT_DIARIO_RVS_CLIENTE, CONTADOR_DIARIO_RVS_CLIENTE, VERIFICAR_DUPLICIDADE_RVS_BFC1, RESET_CONT_DIARIO_CLIENTE_RVS, HERDAR_CONT_DIARIO_CLIENTE_RVS, CONTADOR_DIARIO_CLIENTE_RVS, ADQUIRENTE_ID, opcoes_envio_arquivo) VALUES (mascara_sq.nextval, 24075, 1, 'conciliacao_@CNPJ_%d.%m.%Y.txt', 'RET.EXT.@CNPJ.DMC.@IDCXPOSTAL.T&C(8).DMC', 'conciliacao_@CNPJ_%d.%m.%Y.txt', 3600, '00:00:00', '00:00:00', '/home/skyline/scripts/inte_rvs/Grb -I /home/skyline/scripts/inte_rvs/grb.cfg &F', 1, 0, -1, 0, 1, 1, -1, 190, 0);
--Planvale
INSERT INTO MASCARA (ID, ID_CAIXA_POSTAL, ID_ESTACAO, MASK_BANCO_ENTRADA, MASK_BANCO_SAIDA, MASK_ENVIO_EMAIL, NU_TIMEOUT, HORAS_INICIAIS, HORAS_FINAIS, SCRIPT_RECEPCAO_BANCO, RESET_CONT_DIARIO_RVS_CLIENTE, HERDAR_CONT_DIARIO_RVS_CLIENTE, CONTADOR_DIARIO_RVS_CLIENTE, VERIFICAR_DUPLICIDADE_RVS_BFC1, RESET_CONT_DIARIO_CLIENTE_RVS, HERDAR_CONT_DIARIO_CLIENTE_RVS, CONTADOR_DIARIO_CLIENTE_RVS, ADQUIRENTE_ID, opcoes_envio_arquivo) VALUES (mascara_sq.nextval, 0,     1, 'RET.EXT.@CNPJ.PLAN', 'EXT_@ADQUIRENTE_%d%m%y&C(2).txt', null, 3600, '00:00:00', '00:00:00', '/home/skyline/scripts/nexxcard/console/processos/operadoras_CartoesGenerico.sh &F vizzoo -c @CNPJ', 1, 0, -1, 0, 1, 1, -1, 130, 0);
INSERT INTO MASCARA (ID, ID_CAIXA_POSTAL, ID_ESTACAO, MASK_BANCO_ENTRADA, MASK_BANCO_SAIDA, MASK_ENVIO_EMAIL, NU_TIMEOUT, HORAS_INICIAIS, HORAS_FINAIS, SCRIPT_RECEPCAO_BANCO, RESET_CONT_DIARIO_RVS_CLIENTE, HERDAR_CONT_DIARIO_RVS_CLIENTE, CONTADOR_DIARIO_RVS_CLIENTE, VERIFICAR_DUPLICIDADE_RVS_BFC1, RESET_CONT_DIARIO_CLIENTE_RVS, HERDAR_CONT_DIARIO_CLIENTE_RVS, CONTADOR_DIARIO_CLIENTE_RVS, ADQUIRENTE_ID, opcoes_envio_arquivo) VALUES (mascara_sq.nextval, 19821, 1, 'planvale_&C(7)_%Y%m%d_@CNPJ.txt', 'RET.EXT.@CNPJ.PLAN.@IDCXPOSTAL.T&C(8).PLA', 'planvale_&C(7)_%Y%m%d_@CNPJ.txt', 3600, '00:00:00', '00:00:00', '/home/skyline/scripts/inte_rvs/Grb -I /home/skyline/scripts/inte_rvs/grb.cfg &F', 1, 0, -1, 0, 1, 1, -1, 130, 0);
--Policard
INSERT INTO MASCARA (ID, ID_CAIXA_POSTAL, ID_ESTACAO, MASK_BANCO_ENTRADA, MASK_BANCO_SAIDA, MASK_ENVIO_EMAIL, NU_TIMEOUT, HORAS_INICIAIS, HORAS_FINAIS, SCRIPT_RECEPCAO_BANCO, RESET_CONT_DIARIO_RVS_CLIENTE, HERDAR_CONT_DIARIO_RVS_CLIENTE, CONTADOR_DIARIO_RVS_CLIENTE, VERIFICAR_DUPLICIDADE_RVS_BFC1, RESET_CONT_DIARIO_CLIENTE_RVS, HERDAR_CONT_DIARIO_CLIENTE_RVS, CONTADOR_DIARIO_CLIENTE_RVS, ADQUIRENTE_ID, opcoes_envio_arquivo) VALUES (mascara_sq.nextval, 0,     1, 'RET.EXT.@CNPJ.POL', 'EXT_@ADQUIRENTE_%d%m%y&C(2).txt', null, 3600, '00:00:00', '00:00:00', '/home/skyline/scripts/nexxcard/console/processos/operadoras_CartoesGenerico.sh &F vizzoo -c @CNPJ', 1, 0, -1, 0, 1, 1, -1, 220, 0);
INSERT INTO MASCARA (ID, ID_CAIXA_POSTAL, ID_ESTACAO, MASK_BANCO_ENTRADA, MASK_BANCO_SAIDA, MASK_ENVIO_EMAIL, NU_TIMEOUT, HORAS_INICIAIS, HORAS_FINAIS, SCRIPT_RECEPCAO_BANCO, RESET_CONT_DIARIO_RVS_CLIENTE, HERDAR_CONT_DIARIO_RVS_CLIENTE, CONTADOR_DIARIO_RVS_CLIENTE, VERIFICAR_DUPLICIDADE_RVS_BFC1, RESET_CONT_DIARIO_CLIENTE_RVS, HERDAR_CONT_DIARIO_CLIENTE_RVS, CONTADOR_DIARIO_CLIENTE_RVS, ADQUIRENTE_ID, opcoes_envio_arquivo) VALUES (mascara_sq.nextval, 18673, 1, 'policard_%Y%m%d_&C(4)_@CNPJ.txt', 'RET.EXT.@CNPJ.POL.@IDCXPOSTAL.T&C(8).POL', 'policard_%Y%m%d_&C(4)_@CNPJ.txt', 3600, '00:00:00', '00:00:00', '/home/skyline/scripts/inte_rvs/Grb -I /home/skyline/scripts/inte_rvs/grb.cfg &F', 1, 0, -1, 0, 1, 1, -1, 220, 0);
--Verocheque
INSERT INTO MASCARA (ID, ID_CAIXA_POSTAL, ID_ESTACAO, MASK_BANCO_ENTRADA, MASK_BANCO_SAIDA, MASK_ENVIO_EMAIL, NU_TIMEOUT, HORAS_INICIAIS, HORAS_FINAIS, SCRIPT_RECEPCAO_BANCO, RESET_CONT_DIARIO_RVS_CLIENTE, HERDAR_CONT_DIARIO_RVS_CLIENTE, CONTADOR_DIARIO_RVS_CLIENTE, VERIFICAR_DUPLICIDADE_RVS_BFC1, RESET_CONT_DIARIO_CLIENTE_RVS, HERDAR_CONT_DIARIO_CLIENTE_RVS, CONTADOR_DIARIO_CLIENTE_RVS, ADQUIRENTE_ID, opcoes_envio_arquivo) VALUES (mascara_sq.nextval, 0,     1, 'RET.EXT.@CNPJ.VERO', 'EXT_@ADQUIRENTE_%d%m%y&C(2).txt', null, 3600, '00:00:00', '00:00:00', '/home/skyline/scripts/nexxcard/console/processos/operadoras_CartoesGenerico.sh &F vizzoo -c @CNPJ', 1, 0, -1, 0, 1, 1, -1, 200, 0);
INSERT INTO MASCARA (ID, ID_CAIXA_POSTAL, ID_ESTACAO, MASK_BANCO_ENTRADA, MASK_BANCO_SAIDA, MASK_ENVIO_EMAIL, NU_TIMEOUT, HORAS_INICIAIS, HORAS_FINAIS, SCRIPT_RECEPCAO_BANCO, RESET_CONT_DIARIO_RVS_CLIENTE, HERDAR_CONT_DIARIO_RVS_CLIENTE, CONTADOR_DIARIO_RVS_CLIENTE, VERIFICAR_DUPLICIDADE_RVS_BFC1, RESET_CONT_DIARIO_CLIENTE_RVS, HERDAR_CONT_DIARIO_CLIENTE_RVS, CONTADOR_DIARIO_CLIENTE_RVS, ADQUIRENTE_ID, opcoes_envio_arquivo) VALUES (mascara_sq.nextval, 19819, 1, 'verocheque_%d%m%Y_&C(2)_@CNPJ.txt', 'RET.EXT.@CNPJ.VERO.@IDCXPOSTAL.t&C(8).VERO', 'verocheque_%d%m%Y_&C(2)_@CNPJ.txt', 3600, '00:00:00', '00:00:00', '/home/skyline/scripts/inte_rvs/Grb -I /home/skyline/scripts/inte_rvs/grb.cfg &F', 1, 0, -1, 0, 1, 1, -1, 200, 0);
--VR
INSERT INTO MASCARA (ID, ID_CAIXA_POSTAL, ID_ESTACAO, MASK_BANCO_ENTRADA, MASK_BANCO_SAIDA, MASK_ENVIO_EMAIL, NU_TIMEOUT, HORAS_INICIAIS, HORAS_FINAIS, SCRIPT_RECEPCAO_BANCO, RESET_CONT_DIARIO_RVS_CLIENTE, HERDAR_CONT_DIARIO_RVS_CLIENTE, CONTADOR_DIARIO_RVS_CLIENTE, VERIFICAR_DUPLICIDADE_RVS_BFC1, RESET_CONT_DIARIO_CLIENTE_RVS, HERDAR_CONT_DIARIO_CLIENTE_RVS, CONTADOR_DIARIO_CLIENTE_RVS, ADQUIRENTE_ID, opcoes_envio_arquivo) VALUES (mascara_sq.nextval, 0,     1, 'RET.EXT.@CNPJ.VR', 'EXT_@ADQUIRENTE_%d%m%y&C(2).txt', null, 0, '00:00:00', '00:00:00', '/home/skyline/scripts/nexxcard/console/processos/operadoras_CartoesGenerico.sh &F vizzoo -c @CNPJ', 1, 0, -1, 0, 1, 1, -1, 210, 0);
INSERT INTO MASCARA (ID, ID_CAIXA_POSTAL, ID_ESTACAO, MASK_BANCO_ENTRADA, MASK_BANCO_SAIDA, MASK_ENVIO_EMAIL, NU_TIMEOUT, HORAS_INICIAIS, HORAS_FINAIS, SCRIPT_RECEPCAO_BANCO, RESET_CONT_DIARIO_RVS_CLIENTE, HERDAR_CONT_DIARIO_RVS_CLIENTE, CONTADOR_DIARIO_RVS_CLIENTE, VERIFICAR_DUPLICIDADE_RVS_BFC1, RESET_CONT_DIARIO_CLIENTE_RVS, HERDAR_CONT_DIARIO_CLIENTE_RVS, CONTADOR_DIARIO_CLIENTE_RVS, ADQUIRENTE_ID, opcoes_envio_arquivo) VALUES (mascara_sq.nextval, 19747, 1, 'VR_NXX_@CNPJ_%Y%m%d_&C(6).txt', 'RET.EXT.@CNPJ.VR.@IDCXPOSTAL.T&C(8).VR1', 'VR_NXX_@CNPJ_%Y%m%d_&C(6).txt', 0, '00:00:00', '00:00:00', '/home/skyline/scripts/inte_rvs/Grb -I /home/skyline/scripts/inte_rvs/grb.cfg &F', 1, 0, -1, 0, 1, 1, -1, 210, 0);
--Vegascard
INSERT INTO MASCARA (ID, ID_CAIXA_POSTAL, ID_ESTACAO, MASK_BANCO_ENTRADA, MASK_BANCO_SAIDA, MASK_ENVIO_EMAIL, NU_TIMEOUT, HORAS_INICIAIS, HORAS_FINAIS, SCRIPT_RECEPCAO_BANCO, RESET_CONT_DIARIO_RVS_CLIENTE, HERDAR_CONT_DIARIO_RVS_CLIENTE, CONTADOR_DIARIO_RVS_CLIENTE, VERIFICAR_DUPLICIDADE_RVS_BFC1, RESET_CONT_DIARIO_CLIENTE_RVS, HERDAR_CONT_DIARIO_CLIENTE_RVS, CONTADOR_DIARIO_CLIENTE_RVS, ADQUIRENTE_ID, opcoes_envio_arquivo) VALUES (mascara_sq.nextval, 0,     1, 'RET.EXT.@CNPJ.270', 'EXT_@ADQUIRENTE_%d%m%y&C(2).txt', null, 0, '00:00:00', '00:00:00', '/home/skyline/scripts/nexxcard/console/processos/operadoras_CartoesGenerico.sh &F vizzoo -c @CNPJ', 1, 0, -1, 0, 1, 1, -1, 270, 0);
INSERT INTO MASCARA (ID, ID_CAIXA_POSTAL, ID_ESTACAO, MASK_BANCO_ENTRADA, MASK_BANCO_SAIDA, MASK_ENVIO_EMAIL, NU_TIMEOUT, HORAS_INICIAIS, HORAS_FINAIS, SCRIPT_RECEPCAO_BANCO, RESET_CONT_DIARIO_RVS_CLIENTE, HERDAR_CONT_DIARIO_RVS_CLIENTE, CONTADOR_DIARIO_RVS_CLIENTE, VERIFICAR_DUPLICIDADE_RVS_BFC1, RESET_CONT_DIARIO_CLIENTE_RVS, HERDAR_CONT_DIARIO_CLIENTE_RVS, CONTADOR_DIARIO_CLIENTE_RVS, ADQUIRENTE_ID, opcoes_envio_arquivo) VALUES (mascara_sq.nextval, 23707, 1, 'vgscard%Y%m%d_@CNPJ_&C(6).txt', 'RET.EXT.@CNPJ.270.@IDCXPOSTAL.T%d%m&C(4).VGC', 'vgscard%Y%m%d_@CNPJ_&C(6).txt', 0, '00:00:00', '00:00:00', '/home/skyline/scripts/inte_rvs/Grb -I /home/skyline/scripts/inte_rvs/grb.cfg &F', 1, 0, -1, 0, 1, 1, -1, 270, 0);
--Valeshop
INSERT INTO MASCARA (ID, ID_CAIXA_POSTAL, ID_ESTACAO, MASK_BANCO_ENTRADA, MASK_BANCO_SAIDA, MASK_ENVIO_EMAIL, NU_TIMEOUT, HORAS_INICIAIS, HORAS_FINAIS, SCRIPT_RECEPCAO_BANCO, RESET_CONT_DIARIO_RVS_CLIENTE, HERDAR_CONT_DIARIO_RVS_CLIENTE, CONTADOR_DIARIO_RVS_CLIENTE, VERIFICAR_DUPLICIDADE_RVS_BFC1, RESET_CONT_DIARIO_CLIENTE_RVS, HERDAR_CONT_DIARIO_CLIENTE_RVS, CONTADOR_DIARIO_CLIENTE_RVS, ADQUIRENTE_ID, opcoes_envio_arquivo) VALUES (mascara_sq.nextval, 0,     1, 'RET.EXT.@CNPJ.VSHOP', 'EXT_@ADQUIRENTE_%d%m%y&C(2).txt', null, 0, '00:00:00', '00:00:00', '/home/skyline/scripts/nexxcard/console/processos/operadoras_CartoesGenerico.sh &F vizzoo -c @CNPJ', 1, 0, -1, 0, 1, 1, -1, 520, 0);
INSERT INTO MASCARA (ID, ID_CAIXA_POSTAL, ID_ESTACAO, MASK_BANCO_ENTRADA, MASK_BANCO_SAIDA, MASK_ENVIO_EMAIL, NU_TIMEOUT, HORAS_INICIAIS, HORAS_FINAIS, SCRIPT_RECEPCAO_BANCO, RESET_CONT_DIARIO_RVS_CLIENTE, HERDAR_CONT_DIARIO_RVS_CLIENTE, CONTADOR_DIARIO_RVS_CLIENTE, VERIFICAR_DUPLICIDADE_RVS_BFC1, RESET_CONT_DIARIO_CLIENTE_RVS, HERDAR_CONT_DIARIO_CLIENTE_RVS, CONTADOR_DIARIO_CLIENTE_RVS, ADQUIRENTE_ID, opcoes_envio_arquivo) VALUES (mascara_sq.nextval, 26070, 1, 'vshop_@CNPJ_%Y%m%d%H%M&C(2)_&C(6).txt', 'RET.EXT.@CNPJ.VSHOP.@IDCXPOSTAL.T1&C(7).VSHO', 'vshop_@CNPJ_%Y%m%d%H%M&C(2)_&C(6).txt', 0, '00:00:00', '00:00:00', '/home/skyline/scripts/inte_rvs/Grb -I /home/skyline/scripts/inte_rvs/grb.cfg &F', 1, 0, -1, 0, 1, 1, -1, 520, 0);

